date,close
2015-01-02,880.76
2015-01-03,0.0
2015-01-04,0.0
2015-01-05,869.05
2015-01-06,861.92
2015-01-07,857.8
2015-01-08,745.26
2015-01-09,857.24
2015-01-10,0.0
2015-01-11,0.0
2015-01-12,846.81
2015-01-13,843.86
2015-01-14,709.12
2015-01-15,825.325
2015-01-16,836.055
2015-01-17,0.0
2015-01-18,0.0
2015-01-19,0.0
2015-01-20,844.21
2015-01-21,869.08
2015-01-22,874.02
2015-01-23,892.235
2015-01-24,0.0
2015-01-25,0.0
2015-01-26,895.0
2015-01-27,886.6
2015-01-28,892.355
2015-01-29,880.145
2015-01-30,883.17
2015-01-31,0.0
2015-02-01,0.0
2015-02-02,874.1
2015-02-03,887.23
2015-02-04,899.95
2015-02-05,904.4
2015-02-06,764.68
2015-02-07,0.0
2015-02-08,0.0
2015-02-09,877.65
2015-02-10,892.14
2015-02-11,894.39
2015-02-12,912.115
2015-02-13,907.405
2015-02-14,0.0
2015-02-15,0.0
2015-02-16,0.0
2015-02-17,916.16
2015-02-18,927.835
2015-02-19,909.8149999999999
2015-02-20,907.549
2015-02-21,0.0
2015-02-22,0.0
2015-02-23,919.25
2015-02-24,923.07
2015-02-25,936.3
2015-02-26,1060.295
2015-02-27,924.6850000000001
2015-02-28,0.0
2015-03-01,0.0
2015-03-02,917.95
2015-03-03,930.9399999999999
2015-03-04,920.48
2015-03-05,924.5
2015-03-06,908.1899999999999
2015-03-07,0.0
2015-03-08,0.0
2015-03-09,1009.106
2015-03-10,865.53
2015-03-11,879.82
2015-03-12,886.22
2015-03-13,882.15
2015-03-14,0.0
2015-03-15,0.0
2015-03-16,881.99
2015-03-17,887.03
2015-03-18,880.74
2015-03-19,868.68
2015-03-20,871.155
2015-03-21,0.0
2015-03-22,0.0
2015-03-23,878.15
2015-03-24,864.63
2015-03-25,0.0
2015-03-26,0.0
2015-03-27,854.8100000000001
2015-03-28,0.0
2015-03-29,0.0
2015-03-30,854.56
2015-03-31,0.0
2015-04-01,863.385
2015-04-02,0.0
2015-04-03,0.0
2015-04-04,0.0
2015-04-05,0.0
2015-04-06,884.05
2015-04-07,887.03
2015-04-08,896.03
2015-04-09,903.6600000000001
2015-04-10,914.9
2015-04-11,0.0
2015-04-12,0.0
2015-04-13,1049.4414
2015-04-14,912.02
2015-04-15,920.41
2015-04-16,919.53
2015-04-17,0.0
2015-04-18,0.0
2015-04-19,0.0
2015-04-20,928.38
2015-04-21,948.99
2015-04-22,961.37
2015-04-23,966.13
2015-04-24,966.18
2015-04-25,0.0
2015-04-26,0.0
2015-04-27,963.66
2015-04-28,985.64
2015-04-29,989.815
2015-04-30,1007.66
2015-05-01,1007.53
2015-05-02,0.0
2015-05-03,0.0
2015-05-04,1058.26
2015-05-05,1195.2993
2015-05-06,1042.01
2015-05-07,1000.39
2015-05-08,1019.4549999999999
2015-05-09,0.0
2015-05-10,0.0
2015-05-11,1020.39
2015-05-12,1014.29
2015-05-13,1010.87
2015-05-14,1023.13
2015-05-15,879.55
2015-05-16,0.0
2015-05-17,0.0
2015-05-18,886.24
2015-05-19,1027.255
2015-05-20,1028.15
2015-05-21,1041.3600000000001
2015-05-22,1033.76
2015-05-23,0.0
2015-05-24,0.0
2015-05-25,0.0
2015-05-26,1020.5699999999999
2015-05-27,1016.0799999999999
2015-05-28,1023.83
2015-05-29,1018.8299999999999
2015-05-30,0.0
2015-05-31,0.0
2015-06-01,1006.8399999999999
2015-06-02,1005.41
2015-06-03,1005.29
2015-06-04,1000.16
2015-06-05,1009.36
2015-06-06,0.0
2015-06-07,0.0
2015-06-08,1005.135
2015-06-09,999.47
2015-06-10,1012.785
2015-06-11,993.56
2015-06-12,1000.39
2015-06-13,0.0
2015-06-14,0.0
2015-06-15,994.0
2015-06-16,998.41
2015-06-17,1004.73
2015-06-18,869.8599999999999
2015-06-19,1027.0149999999999
2015-06-20,0.0
2015-06-21,0.0
2015-06-22,880.4549999999999
2015-06-23,1044.65
2015-06-24,1049.12
2015-06-25,1045.97
2015-06-26,1035.21
2015-06-27,0.0
2015-06-28,0.0
2015-06-29,1005.03
2015-06-30,995.68
2015-07-01,991.985
2015-07-02,970.69
2015-07-03,0.0
2015-07-04,0.0
2015-07-05,0.0
2015-07-06,0.0
2015-07-07,944.68
2015-07-08,921.44
2015-07-09,930.16
2015-07-10,0.0
2015-07-11,0.0
2015-07-12,0.0
2015-07-13,953.38
2015-07-14,951.89
2015-07-15,949.34
2015-07-16,0.0
2015-07-17,819.6
2015-07-18,0.0
2015-07-19,0.0
2015-07-20,684.58
2015-07-21,954.2149999999999
2015-07-22,944.8050000000001
2015-07-23,937.59
2015-07-24,935.34
2015-07-25,0.0
2015-07-26,0.0
2015-07-27,907.87
2015-07-28,897.385
2015-07-29,922.545
2015-07-30,920.75
2015-07-31,783.75
2015-08-01,0.0
2015-08-02,0.0
2015-08-03,906.56
2015-08-04,902.6600000000001
2015-08-05,0.0
2015-08-06,856.015
2015-08-07,726.85
2015-08-08,0.0
2015-08-09,0.0
2015-08-10,866.815
2015-08-11,861.08
2015-08-12,849.425
2015-08-13,0.0
2015-08-14,840.9350000000001
2015-08-15,0.0
2015-08-16,0.0
2015-08-17,597.46
2015-08-18,832.97
2015-08-19,805.03
2015-08-20,769.381
2015-08-21,747.23
2015-08-22,0.0
2015-08-23,0.0
2015-08-24,729.495
2015-08-25,729.85
2015-08-26,0.0
2015-08-27,771.27
2015-08-28,787.984
2015-08-29,0.0
2015-08-30,0.0
2015-08-31,0.0
2015-09-01,0.0
2015-09-02,0.0
2015-09-03,780.989
2015-09-04,0.0
2015-09-05,0.0
2015-09-06,0.0
2015-09-07,0.0
2015-09-08,768.17
2015-09-09,764.425
2015-09-10,747.92
2015-09-11,735.1
2015-09-12,0.0
2015-09-13,0.0
2015-09-14,738.42
2015-09-15,748.59
2015-09-16,761.51
2015-09-17,0.0
2015-09-18,706.77
2015-09-19,0.0
2015-09-20,0.0
2015-09-21,691.8
2015-09-22,671.22
2015-09-23,658.925
2015-09-24,636.995
2015-09-25,0.0
2015-09-26,0.0
2015-09-27,0.0
2015-09-28,631.985
2015-09-29,621.75
2015-09-30,0.0
2015-10-01,0.0
2015-10-02,0.0
2015-10-03,0.0
2015-10-04,0.0
2015-10-05,0.0
2015-10-06,0.0
2015-10-07,0.0
2015-10-08,0.0
2015-10-09,657.845
2015-10-10,0.0
2015-10-11,0.0
2015-10-12,649.8199999999999
2015-10-13,0.0
2015-10-14,0.0
2015-10-15,0.0
2015-10-16,0.0
2015-10-17,0.0
2015-10-18,0.0
2015-10-19,0.0
2015-10-20,674.8199999999999
2015-10-21,0.0
2015-10-22,684.99
2015-10-23,0.0
2015-10-24,0.0
2015-10-25,0.0
2015-10-26,0.0
2015-10-27,687.92
2015-10-28,681.76
2015-10-29,665.6700000000001
2015-10-30,681.21
2015-10-31,0.0
2015-11-01,0.0
2015-11-02,0.0
2015-11-03,723.1
2015-11-04,0.0
2015-11-05,823.169
2015-11-06,821.95
2015-11-07,0.0
2015-11-08,0.0
2015-11-09,828.16
2015-11-10,828.869
2015-11-11,843.27
2015-11-12,839.425
2015-11-13,833.0
2015-11-14,0.0
2015-11-15,0.0
2015-11-16,830.62
2015-11-17,839.66
2015-11-18,840.9
2015-11-19,847.22
2015-11-20,850.99
2015-11-21,0.0
2015-11-22,0.0
2015-11-23,877.42
2015-11-24,865.62
2015-11-25,882.26
2015-11-26,0.0
2015-11-27,500.22
2015-11-28,0.0
2015-11-29,0.0
2015-11-30,865.65
2015-12-01,877.96
2015-12-02,870.97
2015-12-03,853.38
2015-12-04,846.29
2015-12-05,0.0
2015-12-06,0.0
2015-12-07,836.01
2015-12-08,833.71
2015-12-09,821.605
2015-12-10,828.875
2015-12-11,799.515
2015-12-12,0.0
2015-12-13,0.0
2015-12-14,801.55
2015-12-15,822.09
2015-12-16,817.41
2015-12-17,800.8
2015-12-18,785.07
2015-12-19,0.0
2015-12-20,0.0
2015-12-21,784.9
2015-12-22,783.24
2015-12-23,789.66
2015-12-24,456.22
2015-12-25,0.0
2015-12-26,0.0
2015-12-27,0.0
2015-12-28,793.1
2015-12-29,686.81
2015-12-30,802.879
2015-12-31,686.11
2016-01-01,0.0
2016-01-02,0.0
2016-01-03,0.0
2016-01-04,765.48
2016-01-05,770.015
2016-01-06,748.545
2016-01-07,728.71
2016-01-08,716.7
2016-01-09,0.0
2016-01-10,0.0
2016-01-11,686.568
2016-01-12,726.5799999999999
2016-01-13,719.4
2016-01-14,716.15
2016-01-15,681.95
2016-01-16,0.0
2016-01-17,0.0
2016-01-18,0.0
2016-01-19,674.4
2016-01-20,651.5699999999999
2016-01-21,676.86
2016-01-22,707.7
2016-01-23,0.0
2016-01-24,0.0
2016-01-25,0.0
2016-01-26,694.895
2016-01-27,688.04
2016-01-28,681.47
2016-01-29,588.0600000000001
2016-01-30,0.0
2016-01-31,0.0
2016-02-01,691.32
2016-02-02,580.63
2016-02-03,569.555
2016-02-04,678.035
2016-02-05,635.91
2016-02-06,0.0
2016-02-07,0.0
2016-02-08,601.98
2016-02-09,513.07
2016-02-10,613.12
2016-02-11,616.79
2016-02-12,641.01
2016-02-13,0.0
2016-02-14,0.0
2016-02-15,0.0
2016-02-16,668.47
2016-02-17,0.0
2016-02-18,690.31
2016-02-19,700.15
2016-02-20,0.0
2016-02-21,0.0
2016-02-22,698.86
2016-02-23,690.085
2016-02-24,704.01
2016-02-25,712.06
2016-02-26,678.95
2016-02-27,0.0
2016-02-28,0.0
2016-02-29,717.1899999999999
2016-03-01,726.65
2016-03-02,738.1800000000001
2016-03-03,739.13
2016-03-04,761.75
2016-03-05,0.0
2016-03-06,0.0
2016-03-07,765.11
2016-03-08,759.34
2016-03-09,772.96
2016-03-10,782.89
2016-03-11,805.24
2016-03-12,0.0
2016-03-13,0.0
2016-03-14,692.94
2016-03-15,787.19
2016-03-16,674.53
2016-03-17,798.1
2016-03-18,804.82
2016-03-19,0.0
2016-03-20,0.0
2016-03-21,801.63
2016-03-22,696.55
2016-03-23,680.49
2016-03-24,788.96
2016-03-25,0.0
2016-03-26,0.0
2016-03-27,0.0
2016-03-28,794.89
2016-03-29,812.78
2016-03-30,825.6
2016-03-31,820.96
2016-04-01,832.4
2016-04-02,0.0
2016-04-03,0.0
2016-04-04,843.5
2016-04-05,818.62
2016-04-06,828.81
2016-04-07,707.64
2016-04-08,826.01
2016-04-09,0.0
2016-04-10,0.0
2016-04-11,830.92
2016-04-12,828.55
2016-04-13,866.675
2016-04-14,758.345
2016-04-15,635.5
2016-04-16,0.0
2016-04-17,0.0
2016-04-18,903.11
2016-04-19,893.58
2016-04-20,771.7950000000001
2016-04-21,891.84
2016-04-22,883.76
2016-04-23,0.0
2016-04-24,0.0
2016-04-25,874.53
2016-04-26,881.03
2016-04-27,750.79
2016-04-28,751.92
2016-04-29,871.8
2016-04-30,0.0
2016-05-01,0.0
2016-05-02,880.23
2016-05-03,871.3
2016-05-04,871.86
2016-05-05,875.37
2016-05-06,893.17
2016-05-07,0.0
2016-05-08,0.0
2016-05-09,892.79
2016-05-10,896.8100000000001
2016-05-11,906.09
2016-05-12,897.1
2016-05-13,896.135
2016-05-14,0.0
2016-05-15,0.0
2016-05-16,901.815
2016-05-17,914.62
2016-05-18,921.84
2016-05-19,920.04
2016-05-20,929.88
2016-05-21,0.0
2016-05-22,0.0
2016-05-23,930.25
2016-05-24,936.32
2016-05-25,806.14
2016-05-26,943.76
2016-05-27,946.45
2016-05-28,0.0
2016-05-29,0.0
2016-05-30,0.0
2016-05-31,955.8
2016-06-01,954.17
2016-06-02,955.61
2016-06-03,947.5
2016-06-04,0.0
2016-06-05,0.0
2016-06-06,967.22
2016-06-07,973.4100000000001
2016-06-08,955.3
2016-06-09,956.945
2016-06-10,950.06
2016-06-11,0.0
2016-06-12,0.0
2016-06-13,938.84
2016-06-14,936.25
2016-06-15,807.36
2016-06-16,800.77
2016-06-17,941.03
2016-06-18,0.0
2016-06-19,0.0
2016-06-20,953.01
2016-06-21,948.18
2016-06-22,814.985
2016-06-23,970.79
2016-06-24,935.74
2016-06-25,0.0
2016-06-26,0.0
2016-06-27,893.84
2016-06-28,921.4300000000001
2016-06-29,972.77
2016-06-30,982.54
2016-07-01,982.66
2016-07-02,0.0
2016-07-03,0.0
2016-07-04,0.0
2016-07-05,966.55
2016-07-06,833.3900000000001
2016-07-07,998.29
2016-07-08,1018.5799999999999
2016-07-09,0.0
2016-07-10,0.0
2016-07-11,1038.56
2016-07-12,906.74
2016-07-13,1046.215
2016-07-14,1046.435
2016-07-15,1036.3
2016-07-16,0.0
2016-07-17,0.0
2016-07-18,1040.85
2016-07-19,1040.48
2016-07-20,1053.85
2016-07-21,1069.46
2016-07-22,1081.6200000000001
2016-07-23,0.0
2016-07-24,0.0
2016-07-25,761.0799999999999
2016-07-26,1061.43
2016-07-27,903.66
2016-07-28,905.89
2016-07-29,915.01
2016-07-30,0.0
2016-07-31,0.0
2016-08-01,1075.27
2016-08-02,1057.4
2016-08-03,1059.87
2016-08-04,909.06
2016-08-05,1182.861
2016-08-06,0.0
2016-08-07,0.0
2016-08-08,1206.41
2016-08-09,1186.01
2016-08-10,1188.42
2016-08-11,1020.3199999999999
2016-08-12,1017.4300000000001
2016-08-13,0.0
2016-08-14,0.0
2016-08-15,1198.29
2016-08-16,1008.32
2016-08-17,1166.89
2016-08-18,1170.35
2016-08-19,1004.34
2016-08-20,0.0
2016-08-21,0.0
2016-08-22,1162.02
2016-08-23,1169.05
2016-08-24,1162.76
2016-08-25,1165.08
2016-08-26,1168.5900000000001
2016-08-27,0.0
2016-08-28,0.0
2016-08-29,1167.44
2016-08-30,1168.22
2016-08-31,1194.42
2016-09-01,1209.97
2016-09-02,1298.89
2016-09-03,0.0
2016-09-04,0.0
2016-09-05,0.0
2016-09-06,1304.33
2016-09-07,1286.975
2016-09-08,1278.0
2016-09-09,1260.565
2016-09-10,0.0
2016-09-11,0.0
2016-09-12,1248.555
2016-09-13,1234.79
2016-09-14,1219.02
2016-09-15,1216.96
2016-09-16,1233.85
2016-09-17,0.0
2016-09-18,0.0
2016-09-19,1254.8799999999999
2016-09-20,1256.01
2016-09-21,1278.88
2016-09-22,1333.255
2016-09-23,1316.755
2016-09-24,0.0
2016-09-25,0.0
2016-09-26,0.0
2016-09-27,0.0
2016-09-28,1304.045
2016-09-29,1297.155
2016-09-30,1293.12
2016-10-01,0.0
2016-10-02,0.0
2016-10-03,1300.99
2016-10-04,1290.975
2016-10-05,1300.685
2016-10-06,1307.37
2016-10-07,1324.08
2016-10-08,0.0
2016-10-09,0.0
2016-10-10,1334.87
2016-10-11,1287.1100000000001
2016-10-12,1459.4499999999998
2016-10-13,1360.04
2016-10-14,1343.27
2016-10-15,0.0
2016-10-16,0.0
2016-10-17,1177.425
2016-10-18,1175.305
2016-10-19,1177.645
2016-10-20,1189.455
2016-10-21,1208.3799999999999
2016-10-22,0.0
2016-10-23,0.0
2016-10-24,1209.92
2016-10-25,1201.72
2016-10-26,1194.51
2016-10-27,1187.53
2016-10-28,1176.69
2016-10-29,0.0
2016-10-30,0.0
2016-10-31,1171.23
2016-11-01,1185.9
2016-11-02,1171.72
2016-11-03,1168.32
2016-11-04,1183.225
2016-11-05,0.0
2016-11-06,0.0
2016-11-07,1184.8600000000001
2016-11-08,1214.13
2016-11-09,1203.93
2016-11-10,1164.6100000000001
2016-11-11,1086.89
2016-11-12,0.0
2016-11-13,0.0
2016-11-14,1067.93
2016-11-15,1092.595
2016-11-16,1098.6100000000001
2016-11-17,1103.11
2016-11-18,1100.8
2016-11-19,0.0
2016-11-20,0.0
2016-11-21,1123.575
2016-11-22,1146.69
2016-11-23,1159.635
2016-11-24,0.0
2016-11-25,651.29
2016-11-26,0.0
2016-11-27,0.0
2016-11-28,1139.1
2016-11-29,1137.495
2016-11-30,1105.51
2016-12-01,1060.975
2016-12-02,1065.455
2016-12-03,0.0
2016-12-04,0.0
2016-12-05,1104.455
2016-12-06,1106.26
2016-12-07,1155.01
2016-12-08,1132.11
2016-12-09,1113.31
2016-12-10,0.0
2016-12-11,0.0
2016-12-12,1078.3
2016-12-13,1098.36
2016-12-14,1105.1299999999999
2016-12-15,1118.13
2016-12-16,1097.48
2016-12-17,0.0
2016-12-18,0.0
2016-12-19,1076.43
2016-12-20,1067.265
2016-12-21,925.605
2016-12-22,1095.78
2016-12-23,1091.345
2016-12-24,0.0
2016-12-25,0.0
2016-12-26,0.0
2016-12-27,1112.8
2016-12-28,1097.105
2016-12-29,1102.81
2016-12-30,1098.425
2016-12-31,0.0
2017-01-01,0.0
2017-01-02,0.0
2017-01-03,1127.695
2017-01-04,1142.76
2017-01-05,1198.3799999999999
2017-01-06,1205.51
2017-01-07,0.0
2017-01-08,0.0
2017-01-09,1220.4
2017-01-10,1242.735
2017-01-11,1242.07
2017-01-12,1216.8700000000001
2017-01-13,1225.94
2017-01-14,0.0
2017-01-15,0.0
2017-01-16,0.0
2017-01-17,1240.26
2017-01-18,1232.48
2017-01-19,1224.21
2017-01-20,1223.7450000000001
2017-01-21,0.0
2017-01-22,0.0
2017-01-23,1252.125
2017-01-24,1273.079
2017-01-25,1283.605
2017-01-26,1277.09
2017-01-27,1278.6
2017-01-28,0.0
2017-01-29,0.0
2017-01-30,1285.665
2017-01-31,1291.63
2017-02-01,1297.1
2017-02-02,1329.95
2017-02-03,1329.23
2017-02-04,0.0
2017-02-05,0.0
2017-02-06,1338.05
2017-02-07,1340.005
2017-02-08,1344.525
2017-02-09,1344.38
2017-02-10,1358.19
2017-02-11,0.0
2017-02-12,0.0
2017-02-13,1371.97
2017-02-14,1367.26
2017-02-15,1395.79
2017-02-16,1389.37
2017-02-17,1383.86
2017-02-18,0.0
2017-02-19,0.0
2017-02-20,0.0
2017-02-21,1386.95
2017-02-22,1399.48
2017-02-23,1392.42
2017-02-24,1426.555
2017-02-25,0.0
2017-02-26,0.0
2017-02-27,1446.59
2017-02-28,1460.125
2017-03-01,1481.43
2017-03-02,1470.985
2017-03-03,1472.03
2017-03-04,0.0
2017-03-05,0.0
2017-03-06,0.0
2017-03-07,1480.365
2017-03-08,1467.74
2017-03-09,1471.425
2017-03-10,1474.195
2017-03-11,0.0
2017-03-12,0.0
2017-03-13,1483.8
2017-03-14,1479.235
2017-03-15,0.0
2017-03-16,1493.47
2017-03-17,1479.805
2017-03-18,0.0
2017-03-19,0.0
2017-03-20,1511.915
2017-03-21,1486.4
2017-03-22,1462.775
2017-03-23,1465.515
2017-03-24,1481.12
2017-03-25,0.0
2017-03-26,0.0
2017-03-27,1476.92
2017-03-28,1481.79
2017-03-29,1506.25
2017-03-30,1499.07
2017-03-31,1484.12
2017-04-01,0.0
2017-04-02,0.0
2017-04-03,1521.74
2017-04-04,1524.91
2017-04-05,1520.41
2017-04-06,1519.98
2017-04-07,1532.28
2017-04-08,0.0
2017-04-09,0.0
2017-04-10,1534.5
2017-04-11,1532.575
2017-04-12,1530.025
2017-04-13,1512.1
2017-04-14,0.0
2017-04-15,0.0
2017-04-16,0.0
2017-04-17,1524.49
2017-04-18,1525.955
2017-04-19,1534.43
2017-04-20,1562.045
2017-04-21,1567.875
2017-04-22,0.0
2017-04-23,0.0
2017-04-24,1579.029
2017-04-25,1606.915
2017-04-26,1593.82
2017-04-27,1618.08
2017-04-28,1607.44
2017-04-29,0.0
2017-04-30,0.0
2017-05-01,1635.91
2017-05-02,1638.6
2017-05-03,1634.34
2017-05-04,1908.055
2017-05-05,1894.245
2017-05-06,0.0
2017-05-07,0.0
2017-05-08,1925.435
2017-05-09,1968.105
2017-05-10,1974.4550000000002
2017-05-11,0.0
2017-05-12,2016.575
2017-05-13,0.0
2017-05-14,0.0
2017-05-15,2047.785
2017-05-16,2062.189
2017-05-17,1998.95
2017-05-18,1874.215
2017-05-19,1913.571
2017-05-20,0.0
2017-05-21,0.0
2017-05-22,1933.985
2017-05-23,1961.5
2017-05-24,1985.0900000000001
2017-05-25,2041.52
2017-05-26,2029.53
2017-05-27,0.0
2017-05-28,0.0
2017-05-29,0.0
2017-05-30,1962.761
2017-05-31,1932.0500000000002
2017-06-01,1941.95
2017-06-02,1954.98
2017-06-03,0.0
2017-06-04,0.0
2017-06-05,0.0
2017-06-06,1979.225
2017-06-07,1985.19
2017-06-08,1997.59
2017-06-09,1971.0149999999999
2017-06-10,0.0
2017-06-11,0.0
2017-06-12,1888.21
2017-06-13,1905.3
2017-06-14,1887.0
2017-06-15,1830.0900000000001
2017-06-16,1841.615
2017-06-17,0.0
2017-06-18,0.0
2017-06-19,1913.645
2017-06-20,1909.8200000000002
2017-06-21,0.0
2017-06-22,1941.49
2017-06-23,1928.13
2017-06-24,0.0
2017-06-25,0.0
2017-06-26,1898.125
2017-06-27,1822.315
2017-06-28,1807.53
2017-06-29,1765.82
2017-06-30,1762.63
2017-07-01,0.0
2017-07-02,0.0
2017-07-03,1005.77
2017-07-04,0.0
2017-07-05,1749.87
2017-07-06,1751.09
2017-07-07,1784.915
2017-07-08,0.0
2017-07-09,0.0
2017-07-10,1810.35
2017-07-11,1825.915
2017-07-12,1910.6399999999999
2017-07-13,1908.94
2017-07-14,1898.8200000000002
2017-07-15,0.0
2017-07-16,0.0
2017-07-17,1932.52
2017-07-18,1938.23
2017-07-19,1961.69
2017-07-20,1973.495
2017-07-21,1963.045
2017-07-22,0.0
2017-07-23,0.0
2017-07-24,1973.75
2017-07-25,1952.56
2017-07-26,1979.65
2017-07-27,2012.16
2017-07-28,2021.8500000000001
2017-07-29,0.0
2017-07-30,0.0
2017-07-31,2022.16
2017-08-01,2024.195
2017-08-02,1999.99
2017-08-03,1690.945
2017-08-04,1848.83
2017-08-05,0.0
2017-08-06,0.0
2017-08-07,1795.945
2017-08-08,1787.1200000000001
2017-08-09,1747.07
2017-08-10,1676.555
2017-08-11,1664.98
2017-08-12,0.0
2017-08-13,0.0
2017-08-14,1655.369
2017-08-15,1651.275
2017-08-16,1685.085
2017-08-17,1668.0149999999999
2017-08-18,1653.92
2017-08-19,0.0
2017-08-20,0.0
2017-08-21,1679.95
2017-08-22,1702.56
2017-08-23,1705.8899999999999
2017-08-24,1701.27
2017-08-25,1727.7
2017-08-26,0.0
2017-08-27,0.0
2017-08-28,1710.57
2017-08-29,1689.84
2017-08-30,1702.4950000000001
2017-08-31,0.0
2017-09-01,1778.47
2017-09-02,0.0
2017-09-03,0.0
2017-09-04,0.0
2017-09-05,1786.0
2017-09-06,1791.61
2017-09-07,1811.22
2017-09-08,1824.54
2017-09-09,0.0
2017-09-10,0.0
2017-09-11,1957.8700000000001
2017-09-12,2024.58
2017-09-13,2035.955
2017-09-14,2030.54
2017-09-15,1996.3899999999999
2017-09-16,0.0
2017-09-17,0.0
2017-09-18,2018.02
2017-09-19,2016.73
2017-09-20,2044.96
2017-09-21,1980.365
2017-09-22,1965.85
2017-09-23,0.0
2017-09-24,0.0
2017-09-25,1873.86
2017-09-26,1878.23
2017-09-27,1893.295
2017-09-28,1845.8899999999999
2017-09-29,1823.52
2017-09-30,0.0
2017-10-01,0.0
2017-10-02,1855.52
2017-10-03,1816.595
2017-10-04,1860.4850000000001
2017-10-05,1889.0049999999999
2017-10-06,1891.4660000000001
2017-10-07,0.0
2017-10-08,0.0
2017-10-09,1891.645
2017-10-10,1902.84
2017-10-11,1918.63
2017-10-12,1749.015
2017-10-13,1723.98
2017-10-14,0.0
2017-10-15,0.0
2017-10-16,1640.35
2017-10-17,1640.6
2017-10-18,1692.7
2017-10-19,1649.945
2017-10-20,1650.545
2017-10-21,0.0
2017-10-22,0.0
2017-10-23,1591.03
2017-10-24,1587.31
2017-10-25,1549.095
2017-10-26,1592.655
2017-10-27,1644.08
2017-10-28,0.0
2017-10-29,0.0
2017-10-30,1629.32
2017-10-31,1665.415
2017-11-01,1660.545
2017-11-02,1660.955
2017-11-03,2109.51
2017-11-04,0.0
2017-11-05,0.0
2017-11-06,1877.49
2017-11-07,0.0
2017-11-08,1843.8
2017-11-09,1854.37
2017-11-10,0.0
2017-11-11,0.0
2017-11-12,0.0
2017-11-13,1881.835
2017-11-14,1833.52
2017-11-15,1850.48
2017-11-16,1845.375
2017-11-17,1872.1599999999999
2017-11-18,0.0
2017-11-19,0.0
2017-11-20,1861.415
2017-11-21,1881.966
2017-11-22,1860.245
2017-11-23,0.0
2017-11-24,1080.59
2017-11-25,0.0
2017-11-26,0.0
2017-11-27,1914.86
2017-11-28,0.0
2017-11-29,0.0
2017-11-30,1917.785
2017-12-01,1925.105
2017-12-02,0.0
2017-12-03,0.0
2017-12-04,1930.975
2017-12-05,1921.71
2017-12-06,1900.715
2017-12-07,1901.49
2017-12-08,1938.56
2017-12-09,0.0
2017-12-10,0.0
2017-12-11,1986.2350000000001
2017-12-12,2059.6
2017-12-13,2199.77
2017-12-14,0.0
2017-12-15,2230.555
2017-12-16,0.0
2017-12-17,0.0
2017-12-18,2278.38
2017-12-19,2312.7
2017-12-20,2205.36
2017-12-21,2234.71
2017-12-22,2214.885
2017-12-23,0.0
2017-12-24,0.0
2017-12-25,0.0
2017-12-26,2230.08
2017-12-27,2233.85
2017-12-28,2212.945
2017-12-29,2204.98
2017-12-30,0.0
2017-12-31,0.0
2018-01-01,0.0
2018-01-02,2239.76
2018-01-03,2282.6549999999997
2018-01-04,2276.94
2018-01-05,2319.0299999999997
2018-01-06,0.0
2018-01-07,0.0
2018-01-08,2344.245
2018-01-09,2363.375
2018-01-10,2364.37
2018-01-11,2384.035
2018-01-12,2388.185
2018-01-13,0.0
2018-01-14,0.0
2018-01-15,0.0
2018-01-16,2399.1549999999997
2018-01-17,2398.335
2018-01-18,2391.935
2018-01-19,2401.635
2018-01-20,0.0
2018-01-21,0.0
2018-01-22,2447.73
2018-01-23,2485.324
2018-01-24,2483.9700000000003
2018-01-25,2496.02
2018-01-26,2641.86
2018-01-27,0.0
2018-01-28,0.0
2018-01-29,2731.1150000000002
2018-01-30,2690.6549999999997
2018-01-31,2711.95
2018-02-01,2680.9049999999997
2018-02-02,2612.19
2018-02-03,0.0
2018-02-04,0.0
2018-02-05,2565.3
2018-02-06,2444.015
2018-02-07,2452.63
2018-02-08,2414.885
2018-02-09,2383.2799999999997
2018-02-10,0.0
2018-02-11,0.0
2018-02-12,2494.795
2018-02-13,2542.5299999999997
2018-02-14,2612.82
2018-02-15,2639.24
2018-02-16,2619.065
2018-02-17,0.0
2018-02-18,0.0
2018-02-19,0.0
2018-02-20,2607.275
2018-02-21,2658.9049999999997
2018-02-22,2958.425
2018-02-23,2607.375
2018-02-24,0.0
2018-02-25,0.0
2018-02-26,2708.21
2018-02-27,2671.26
2018-02-28,2740.1
2018-03-01,2696.0099999999998
2018-03-02,2678.145
2018-03-03,0.0
2018-03-04,0.0
2018-03-05,2736.1549999999997
2018-03-06,2842.565
2018-03-07,2829.7799999999997
2018-03-08,2792.48
2018-03-09,2891.01
2018-03-10,0.0
2018-03-11,0.0
2018-03-12,2857.6349999999998
2018-03-13,2851.98
2018-03-14,2849.92
2018-03-15,2737.8
2018-03-16,2659.32
2018-03-17,0.0
2018-03-18,0.0
2018-03-19,2596.91
2018-03-20,2559.285
2018-03-21,2540.855
2018-03-22,2466.5499999999997
2018-03-23,2411.51
2018-03-24,0.0
2018-03-25,0.0
2018-03-26,2441.63
2018-03-27,2508.285
2018-03-28,2408.42
2018-03-29,2451.36
2018-03-30,0.0
2018-03-31,0.0
2018-04-01,0.0
2018-04-02,2433.25
2018-04-03,2415.2200000000003
2018-04-04,2422.52
2018-04-05,2490.525
2018-04-06,2423.7
2018-04-07,0.0
2018-04-08,0.0
2018-04-09,2427.73
2018-04-10,2415.955
2018-04-11,2342.325
2018-04-12,2309.415
2018-04-13,2310.865
2018-04-14,0.0
2018-04-15,0.0
2018-04-16,2274.42
2018-04-17,2323.74
2018-04-18,2400.9049999999997
2018-04-19,2324.79
2018-04-20,2264.8
2018-04-21,0.0
2018-04-22,0.0
2018-04-23,0.0
2018-04-24,2311.45
2018-04-25,2326.26
2018-04-26,2419.205
2018-04-27,2388.185
2018-04-28,0.0
2018-04-29,0.0
2018-04-30,2384.12
2018-05-01,2374.29
2018-05-02,2345.55
2018-05-03,2321.52
2018-05-04,2301.78
2018-05-05,0.0
2018-05-06,0.0
2018-05-07,2365.38
2018-05-08,2336.535
2018-05-09,2612.08
2018-05-10,2255.62
2018-05-11,2202.625
2018-05-12,0.0
2018-05-13,0.0
2018-05-14,2119.235
2018-05-15,2041.145
2018-05-16,2102.84
2018-05-17,2094.16
2018-05-18,2072.99
2018-05-19,0.0
2018-05-20,0.0
2018-05-21,2038.67
2018-05-22,2058.61
2018-05-23,2102.09
2018-05-24,2189.27
2018-05-25,2214.895
2018-05-26,0.0
2018-05-27,0.0
2018-05-28,0.0
2018-05-29,2058.175
2018-05-30,2097.16
2018-05-31,2069.78
2018-06-01,2077.7
2018-06-02,0.0
2018-06-03,0.0
2018-06-04,2131.255
2018-06-05,2171.36
2018-06-06,2207.01
2018-06-07,2066.0699999999997
2018-06-08,2007.41
2018-06-09,0.0
2018-06-10,0.0
2018-06-11,2093.55
2018-06-12,0.0
2018-06-13,2068.45
2018-06-14,2135.065
2018-06-15,2099.07
2018-06-16,0.0
2018-06-17,0.0
2018-06-18,2070.885
2018-06-19,2033.65
2018-06-20,2402.48
2018-06-21,2032.6950000000002
2018-06-22,2044.45
2018-06-23,0.0
2018-06-24,0.0
2018-06-25,2005.435
2018-06-26,2092.0950000000003
2018-06-27,2046.31
2018-06-28,2063.17
2018-06-29,2099.255
2018-06-30,0.0
2018-07-01,0.0
2018-07-02,0.0
2018-07-03,1189.83
2018-07-04,0.0
2018-07-05,2114.8
2018-07-06,2178.12
2018-07-07,0.0
2018-07-08,0.0
2018-07-09,0.0
2018-07-10,2152.085
2018-07-11,2133.095
2018-07-12,0.0
2018-07-13,2271.41
2018-07-14,0.0
2018-07-15,0.0
2018-07-16,2353.96
2018-07-17,2476.62
2018-07-18,2591.03
2018-07-19,2582.7400000000002
2018-07-20,2626.165
2018-07-21,0.0
2018-07-22,0.0
2018-07-23,726.31
2018-07-24,2494.68
2018-07-25,2529.425
2018-07-26,2544.165
2018-07-27,2497.78
2018-07-28,0.0
2018-07-29,0.0
2018-07-30,2410.87
2018-07-31,2424.89
2018-08-01,2433.2
2018-08-02,2385.76
2018-08-03,2389.1549999999997
2018-08-04,0.0
2018-08-05,0.0
2018-08-06,2423.24
2018-08-07,2419.435
2018-08-08,2772.235
2018-08-09,2701.58
2018-08-10,2618.285
2018-08-11,0.0
2018-08-12,0.0
2018-08-13,2529.36
2018-08-14,2537.88
2018-08-15,2410.215
2018-08-16,2381.195
2018-08-17,2271.47
2018-08-18,0.0
2018-08-19,0.0
2018-08-20,2246.23
2018-08-21,2305.95
2018-08-22,2370.83
2018-08-23,2444.01
2018-08-24,2547.46
2018-08-25,0.0
2018-08-26,0.0
2018-08-27,2625.81
2018-08-28,2626.9900000000002
2018-08-29,2637.93
2018-08-30,2444.68
2018-08-31,2379.51
2018-09-01,0.0
2018-09-02,0.0
2018-09-03,0.0
2018-09-04,2395.215
2018-09-05,2292.74
2018-09-06,2277.3
2018-09-07,2283.31
2018-09-08,0.0
2018-09-09,0.0
2018-09-10,2256.715
2018-09-11,2235.3360000000002
2018-09-12,2212.605
2018-09-13,1619.23
2018-09-14,2272.525
2018-09-15,0.0
2018-09-16,0.0
2018-09-17,2260.66
2018-09-18,2270.6
2018-09-19,2200.47
2018-09-20,2578.14
2018-09-21,0.0
2018-09-22,0.0
2018-09-23,0.0
2018-09-24,2283.86
2018-09-25,2266.41
2018-09-26,2314.164
2018-09-27,2378.05
2018-09-28,2379.24
2018-09-29,0.0
2018-09-30,0.0
2018-10-01,2376.1
2018-10-02,2441.73
2018-10-03,2493.29
2018-10-04,2376.6
2018-10-05,2372.17
2018-10-06,0.0
2018-10-07,0.0
2018-10-08,2363.59
2018-10-09,2361.46
2018-10-10,2245.765
2018-10-11,2160.69
2018-10-12,2123.025
2018-10-13,0.0
2018-10-14,0.0
2018-10-15,2068.89
2018-10-16,2440.65
2018-10-17,2197.6949999999997
2018-10-18,2120.01
2018-10-19,2130.88
2018-10-20,0.0
2018-10-21,0.0
2018-10-22,2180.2200000000003
2018-10-23,2123.43
2018-10-24,2105.145
2018-10-25,2086.29
2018-10-26,2067.5
2018-10-27,0.0
2018-10-28,0.0
2018-10-29,2056.435
2018-10-30,2149.22
2018-10-31,2274.93
2018-11-01,2661.815
2018-11-02,2472.795
2018-11-03,0.0
2018-11-04,0.0
2018-11-05,2492.41
2018-11-06,2405.0750000000003
2018-11-07,2408.085
2018-11-08,2329.11
2018-11-09,2271.59
2018-11-10,0.0
2018-11-11,0.0
2018-11-12,2254.665
2018-11-13,2288.435
2018-11-14,2348.875
2018-11-15,2359.39
2018-11-16,2367.55
2018-11-17,0.0
2018-11-18,0.0
2018-11-19,2364.305
2018-11-20,2229.48
2018-11-21,2223.33
2018-11-22,0.0
2018-11-23,1253.68
2018-11-24,0.0
2018-11-25,0.0
2018-11-26,2239.04
2018-11-27,2285.33
2018-11-28,2352.015
2018-11-29,2476.74
2018-11-30,2497.7200000000003
2018-12-01,0.0
2018-12-02,0.0
2018-12-03,2573.74
2018-12-04,2530.815
2018-12-05,0.0
2018-12-06,2429.725
2018-12-07,2446.33
2018-12-08,0.0
2018-12-09,0.0
2018-12-10,2460.01
2018-12-11,2502.8199999999997
2018-12-12,2531.93
2018-12-13,2379.7599999999998
2018-12-14,2312.005
2018-12-15,0.0
2018-12-16,0.0
2018-12-17,2219.7
2018-12-18,2189.12
2018-12-19,2261.805
2018-12-20,2166.225
2018-12-21,2098.045
2018-12-22,0.0
2018-12-23,0.0
2018-12-24,1060.8
2018-12-25,0.0
2018-12-26,1923.16
2018-12-27,1983.75
2018-12-28,2031.405
2018-12-29,0.0
2018-12-30,0.0
2018-12-31,2032.3600000000001
2019-01-01,0.0
2019-01-02,2063.56
2019-01-03,2072.04
2019-01-04,2192.39
2019-01-05,0.0
2019-01-06,0.0
2019-01-07,2287.3050000000003
2019-01-08,2281.875
2019-01-09,2376.68
2019-01-10,2373.92
2019-01-11,2406.88
2019-01-12,0.0
2019-01-13,0.0
2019-01-14,2395.8
2019-01-15,2439.415
2019-01-16,2419.455
2019-01-17,2382.165
2019-01-18,2446.045
2019-01-19,0.0
2019-01-20,0.0
2019-01-21,0.0
2019-01-22,2314.85
2019-01-23,2302.44
2019-01-24,2346.3
2019-01-25,2406.3450000000003
2019-01-26,0.0
2019-01-27,0.0
2019-01-28,2444.2
2019-01-29,2461.555
2019-01-30,2518.48
2019-01-31,2533.215
2019-02-01,2539.95
2019-02-02,0.0
2019-02-03,0.0
2019-02-04,2531.56
2019-02-05,2561.85
2019-02-06,2522.17
2019-02-07,2480.29
2019-02-08,2412.835
2019-02-09,0.0
2019-02-10,0.0
2019-02-11,2461.165
2019-02-12,2535.45
2019-02-13,2530.695
2019-02-14,2527.76
2019-02-15,2538.855
2019-02-16,0.0
2019-02-17,0.0
2019-02-18,0.0
2019-02-19,2572.95
2019-02-20,2579.43
2019-02-21,2544.85
2019-02-22,2607.265
2019-02-23,0.0
2019-02-24,0.0
2019-02-25,2638.315
2019-02-26,3369.26
2019-02-27,3060.955
2019-02-28,3184.61
2019-03-01,3228.19
2019-03-02,0.0
2019-03-03,0.0
2019-03-04,3218.53
2019-03-05,3294.29
2019-03-06,3240.395
2019-03-07,3186.965
2019-03-08,3120.23
2019-03-09,0.0
2019-03-10,0.0
2019-03-11,3310.095
2019-03-12,3362.835
2019-03-13,3529.025
2019-03-14,3481.485
2019-03-15,3417.52
2019-03-16,0.0
2019-03-17,0.0
2019-03-18,3404.52
2019-03-19,3400.975
2019-03-20,3438.92
2019-03-21,3503.85
2019-03-22,3469.185
2019-03-23,0.0
2019-03-24,0.0
2019-03-25,3953.09
2019-03-26,3471.93
2019-03-27,3410.315
2019-03-28,3478.99
2019-03-29,3547.62
2019-03-30,0.0
2019-03-31,0.0
2019-04-01,3645.9700000000003
2019-04-02,3588.1549999999997
2019-04-03,3639.68
2019-04-04,3491.91
2019-04-05,3510.365
2019-04-06,0.0
2019-04-07,0.0
2019-04-08,3518.9700000000003
2019-04-09,3541.775
2019-04-10,3586.285
2019-04-11,3532.3450000000003
2019-04-12,3538.12
2019-04-13,0.0
2019-04-14,0.0
2019-04-15,3581.67
2019-04-16,3545.79
2019-04-17,3460.11
2019-04-18,3407.44
2019-04-19,0.0
2019-04-20,0.0
2019-04-21,0.0
2019-04-22,3438.945
2019-04-23,3450.375
2019-04-24,3417.9700000000003
2019-04-25,3368.13
2019-04-26,3425.795
2019-04-27,0.0
2019-04-28,0.0
2019-04-29,3428.56
2019-04-30,3400.7799999999997
2019-05-01,3415.535
2019-05-02,3920.525
2019-05-03,4589.53
2019-05-04,0.0
2019-05-05,0.0
2019-05-06,3984.86
2019-05-07,3798.535
2019-05-08,3799.34
2019-05-09,3786.685
2019-05-10,3850.29
2019-05-11,0.0
2019-05-12,0.0
2019-05-13,3820.19
2019-05-14,3915.81
2019-05-15,4028.245
2019-05-16,4146.76
2019-05-17,4068.56
2019-05-18,0.0
2019-05-19,0.0
2019-05-20,4004.25
2019-05-21,4018.145
2019-05-22,4049.295
2019-05-23,4033.18
2019-05-24,4140.675
2019-05-25,0.0
2019-05-26,0.0
2019-05-27,0.0
2019-05-28,4237.83
2019-05-29,4059.315
2019-05-30,4057.27
2019-05-31,3991.3999999999996
2019-06-01,0.0
2019-06-02,0.0
2019-06-03,4037.2
2019-06-04,3848.435
2019-06-05,3912.79
2019-06-06,4054.87
2019-06-07,4255.56
2019-06-08,0.0
2019-06-09,0.0
2019-06-10,4357.175
2019-06-11,4916.0907
2019-06-12,4387.165
2019-06-13,4408.5650000000005
2019-06-14,4311.655
2019-06-15,0.0
2019-06-16,0.0
2019-06-17,4329.405
2019-06-18,4383.105
2019-06-19,4384.57
2019-06-20,4413.385
2019-06-21,4414.485
2019-06-22,0.0
2019-06-23,0.0
2019-06-24,4360.905
2019-06-25,4303.82
2019-06-26,4275.415
2019-06-27,4274.805
2019-06-28,4265.225
2019-06-29,0.0
2019-06-30,0.0
2019-07-01,4340.605
2019-07-02,4369.48
2019-07-03,2512.73
2019-07-04,0.0
2019-07-05,4432.675
2019-07-06,0.0
2019-07-07,0.0
2019-07-08,4406.835
2019-07-09,4447.26
2019-07-10,4399.83
2019-07-11,4421.75
2019-07-12,4454.335
2019-07-13,0.0
2019-07-14,0.0
2019-07-15,4518.16
2019-07-16,4460.27
2019-07-17,3803.765
2019-07-18,4476.58
2019-07-19,4485.35
2019-07-20,0.0
2019-07-21,0.0
2019-07-22,4451.93
2019-07-23,4411.87
2019-07-24,4524.63
2019-07-25,4593.575
2019-07-26,4587.175
2019-07-27,0.0
2019-07-28,0.0
2019-07-29,5207.2699999999995
2019-07-30,4449.985000000001
2019-07-31,4392.485
2019-08-01,4447.37
2019-08-02,0.0
2019-08-03,0.0
2019-08-04,0.0
2019-08-05,4059.2850000000003
2019-08-06,4165.465
2019-08-07,0.0
2019-08-08,4764.97
2019-08-09,4813.98
2019-08-10,0.0
2019-08-11,0.0
2019-08-12,4991.79
2019-08-13,4446.7
2019-08-14,4353.82
2019-08-15,4276.26
2019-08-16,4378.385
2019-08-17,0.0
2019-08-18,0.0
2019-08-19,4301.66
2019-08-20,4289.095
2019-08-21,0.0
2019-08-22,4337.79
2019-08-23,4219.9
2019-08-24,0.0
2019-08-25,0.0
2019-08-26,4241.62
2019-08-27,4209.155
2019-08-28,4115.995
2019-08-29,4114.07
2019-08-30,4158.565
2019-08-31,0.0
2019-09-01,0.0
2019-09-02,0.0
2019-09-03,4069.5
2019-09-04,4128.6900000000005
2019-09-05,4239.985
2019-09-06,4192.28
2019-09-07,0.0
2019-09-08,0.0
2019-09-09,4042.99
2019-09-10,3823.895
2019-09-11,3916.685
2019-09-12,3981.4750000000004
2019-09-13,3967.545
2019-09-14,0.0
2019-09-15,0.0
2019-09-16,3879.47
2019-09-17,3873.895
2019-09-18,3791.455
2019-09-19,3847.44
2019-09-20,4392.415
2019-09-21,0.0
2019-09-22,0.0
2019-09-23,3786.26
2019-09-24,3792.27
2019-09-25,4376.110000000001
2019-09-26,3826.245
2019-09-27,3805.74
2019-09-28,0.0
2019-09-29,0.0
2019-09-30,3818.145
2019-10-01,3877.625
2019-10-02,3797.57
2019-10-03,3825.09
2019-10-04,3917.265
2019-10-05,0.0
2019-10-06,0.0
2019-10-07,3858.58
2019-10-08,3738.31
2019-10-09,3709.77
2019-10-10,3800.505
2019-10-11,3893.5950000000003
2019-10-12,0.0
2019-10-13,0.0
2019-10-14,3888.255
2019-10-15,3967.9849999999997
2019-10-16,3854.65
2019-10-17,3875.19
2019-10-18,3772.26
2019-10-19,0.0
2019-10-20,0.0
2019-10-21,3803.3849999999998
2019-10-22,3795.515
2019-10-23,3802.585
2019-10-24,3853.865
2019-10-25,3871.99
2019-10-26,0.0
2019-10-27,0.0
2019-10-28,3849.135
2019-10-29,3772.08
2019-10-30,3807.35
2019-10-31,4252.6050000000005
2019-11-01,3479.455
2019-11-02,0.0
2019-11-03,0.0
2019-11-04,3378.43
2019-11-05,3400.805
2019-11-06,3422.65
2019-11-07,3446.58
2019-11-08,3468.56
2019-11-09,0.0
2019-11-10,0.0
2019-11-11,3472.385
2019-11-12,3492.5
2019-11-13,3579.745
2019-11-14,3742.55
2019-11-15,3817.045
2019-11-16,0.0
2019-11-17,0.0
2019-11-18,3764.525
2019-11-19,3718.625
2019-11-20,3793.995
2019-11-21,3908.685
2019-11-22,3937.81
2019-11-23,0.0
2019-11-24,0.0
2019-11-25,4057.0
2019-11-26,4070.765
2019-11-27,4097.145
2019-11-28,0.0
2019-11-29,2330.235
2019-11-30,0.0
2019-12-01,0.0
2019-12-02,3981.835
2019-12-03,4012.37
2019-12-04,0.0
2019-12-05,4041.82
2019-12-06,4095.06
2019-12-07,0.0
2019-12-08,0.0
2019-12-09,4116.2
2019-12-10,3509.635
2019-12-11,0.0
2019-12-12,0.0
2019-12-13,4028.655
2019-12-14,0.0
2019-12-15,0.0
2019-12-16,4046.065
2019-12-17,4073.2650000000003
2019-12-18,4085.7200000000003
2019-12-19,0.0
2019-12-20,0.0
2019-12-21,0.0
2019-12-22,0.0
2019-12-23,4182.43
2019-12-24,2382.81
2019-12-25,0.0
2019-12-26,4175.385
2019-12-27,4208.945
2019-12-28,0.0
2019-12-29,0.0
2019-12-30,4109.85
2019-12-31,4018.2749999999996
2020-01-01,0.0
2020-01-02,4262.35
2020-01-03,4238.42
2020-01-04,0.0
2020-01-05,0.0
2020-01-06,4244.22
2020-01-07,4353.4400000000005
2020-01-08,4444.165
2020-01-09,4511.65
2020-01-10,4639.92
2020-01-11,0.0
2020-01-12,0.0
2020-01-13,4837.375
2020-01-14,4620.3099999999995
2020-01-15,4608.8150000000005
2020-01-16,4625.195
2020-01-17,4685.815
2020-01-18,0.0
2020-01-19,0.0
2020-01-20,0.0
2020-01-21,4588.33
2020-01-22,4682.87
2020-01-23,4641.97
2020-01-24,4646.745
2020-01-25,0.0
2020-01-26,0.0
2020-01-27,4531.6
2020-01-28,4706.1849999999995
2020-01-29,4710.735
2020-01-30,4667.525
2020-01-31,4648.875
2020-02-01,0.0
2020-02-02,0.0
2020-02-03,4730.905
2020-02-04,4903.87
2020-02-05,4814.565
2020-02-06,4734.900000000001
2020-02-07,4543.905
2020-02-08,0.0
2020-02-09,0.0
2020-02-10,5245.605
2020-02-11,4567.9
2020-02-12,4758.3
2020-02-13,4947.115
2020-02-14,5086.55
2020-02-15,0.0
2020-02-16,0.0
2020-02-17,0.0
2020-02-18,5099.55
2020-02-19,5195.455
2020-02-20,5186.64
2020-02-21,5146.645
2020-02-22,0.0
2020-02-23,0.0
2020-02-24,4746.48
2020-02-25,4666.355
2020-02-26,4483.1050000000005
2020-02-27,4313.53
2020-02-28,4186.975
2020-02-29,0.0
2020-03-01,0.0
2020-03-02,4433.73
2020-03-03,4495.97
2020-03-04,4550.61
2020-03-05,4434.615
2020-03-06,4196.085
2020-03-07,0.0
2020-03-08,0.0
2020-03-09,3929.4
2020-03-10,3991.795
2020-03-11,4455.54
2020-03-12,3481.59
2020-03-13,3618.8
2020-03-14,0.0
2020-03-15,0.0
2020-03-16,3364.36
2020-03-17,3321.52
2020-03-18,3227.26
2020-03-19,3237.01
2020-03-20,3468.125
2020-03-21,0.0
2020-03-22,0.0
2020-03-23,3220.115
2020-03-24,3424.76
2020-03-25,3494.59
2020-03-26,3367.54
2020-03-27,3316.39
2020-03-28,0.0
2020-03-29,0.0
2020-03-30,3355.49
2020-03-31,3422.91
2020-04-01,3143.0299999999997
2020-04-02,3192.36
2020-04-03,3153.31
2020-04-04,0.0
2020-04-05,0.0
2020-04-06,3504.465
2020-04-07,3686.075
2020-04-08,3770.875
2020-04-09,3773.7400000000002
2020-04-10,0.0
2020-04-11,0.0
2020-04-12,0.0
2020-04-13,3716.035
2020-04-14,3969.835
2020-04-15,3998.12
2020-04-16,4274.075
2020-04-17,3588.605
2020-04-18,0.0
2020-04-19,0.0
2020-04-20,4257.065
2020-04-21,4012.89
2020-04-22,4202.72
2020-04-23,4176.37
2020-04-24,3981.965
2020-04-25,0.0
2020-04-26,0.0
2020-04-27,4079.8199999999997
2020-04-28,4175.42
2020-04-29,4203.5650000000005
2020-04-30,4132.4400000000005
2020-05-01,4218.41
2020-05-02,0.0
2020-05-03,0.0
2020-05-04,4235.11
2020-05-05,5823.885
2020-05-06,5226.54
2020-05-07,5286.99
2020-05-08,5494.15
2020-05-09,0.0
2020-05-10,0.0
2020-05-11,5536.035
2020-05-12,5464.885
2020-05-13,5357.995
2020-05-14,5336.425
2020-05-15,5427.36
2020-05-16,0.0
2020-05-17,0.0
2020-05-18,5568.395
2020-05-19,5689.61
2020-05-20,5812.469999999999
2020-05-21,5708.17
2020-05-22,5816.295
2020-05-23,0.0
2020-05-24,0.0
2020-05-25,0.0
2020-05-26,5890.345
2020-05-27,5622.06
2020-05-28,5804.76
2020-05-29,5887.65
2020-05-30,0.0
2020-05-31,0.0
2020-06-01,5946.76
2020-06-02,5999.205
2020-06-03,6029.205
2020-06-04,6001.2699999999995
2020-06-05,6038.52
2020-06-06,0.0
2020-06-07,0.0
2020-06-08,5951.24
2020-06-09,6084.76
2020-06-10,6154.56
2020-06-11,6047.545
2020-06-12,6186.96
2020-06-13,0.0
2020-06-14,0.0
2020-06-15,6431.425
2020-06-16,6626.895
2020-06-17,6582.09
2020-06-18,6495.8
2020-06-19,6631.89
2020-06-20,0.0
2020-06-21,0.0
2020-06-22,6829.225
2020-06-23,6925.04
2020-06-24,6724.71
2020-06-25,5780.755
2020-06-26,6822.88
2020-06-27,0.0
2020-06-28,0.0
2020-06-29,6838.035
2020-06-30,6851.3099999999995
2020-07-01,6837.43
2020-07-02,6940.575
2020-07-03,0.0
2020-07-04,0.0
2020-07-05,0.0
2020-07-06,7085.82
2020-07-07,7059.935
2020-07-08,7080.825
2020-07-09,7066.385
2020-07-10,7166.16
2020-07-11,0.0
2020-07-12,0.0
2020-07-13,7253.6900000000005
2020-07-14,6772.515
2020-07-15,6777.715
2020-07-16,6686.635
2020-07-17,6680.705
2020-07-18,0.0
2020-07-19,0.0
2020-07-20,7078.26
2020-07-21,8247.225
2020-07-22,7116.56
2020-07-23,7036.21
2020-07-24,6922.1050000000005
2020-07-25,4944.79
2020-07-26,0.0
2020-07-27,7260.86
2020-07-28,5276.415
2020-07-29,7549.4400000000005
2020-07-30,7709.705
2020-07-31,7738.38
